{"cameraMode":{"drawMode":0,"name":"Shaded","section":"Shading Mode"},"sceneLighting":false,"audioPlay":false,"sceneViewState":{"m_AlwaysRefresh":false,"showFog":true,"showSkybox":true,"showFlares":true,"showImageEffects":true,"showParticleSystems":true,"showVisualEffectGraphs":true,"m_FxEnabled":true},"in2DMode":false,"pivot":{"x":-0.8107600212097168,"y":0.2137124240398407,"z":0.01764664798974991},"rotation":{"x":-0.005985505413264036,"y":-0.9627307653427124,"z":0.2695557475090027,"w":-0.0213795006275177},"size":0.7709867358207703,"orthographic":false}