{"cameraMode":{"drawMode":0,"name":"Shaded","section":"Shading Mode"},"sceneLighting":false,"audioPlay":false,"sceneViewState":{"m_AlwaysRefresh":false,"showFog":true,"showSkybox":false,"showFlares":true,"showImageEffects":true,"showParticleSystems":true,"showVisualEffectGraphs":true,"m_FxEnabled":true},"in2DMode":false,"pivot":{"x":4.172325134277344e-7,"y":0.8541167974472046,"z":-0.010462939739227295},"rotation":{"x":0.05847746878862381,"y":0.9175741672515869,"z":-0.14713634550571443,"w":0.364679753780365},"size":1.7966820001602173,"orthographic":false}