{"cameraMode":{"drawMode":0,"name":"Shaded","section":"Shading Mode"},"sceneLighting":false,"audioPlay":false,"sceneViewState":{"m_AlwaysRefresh":false,"showFog":true,"showSkybox":false,"showFlares":true,"showImageEffects":true,"showParticleSystems":true,"showVisualEffectGraphs":true,"m_FxEnabled":true},"in2DMode":false,"pivot":{"x":5.662441253662109e-7,"y":0.41613659262657168,"z":-0.016198277473449708},"rotation":{"x":0.05847746878862381,"y":0.9175741672515869,"z":-0.14713634550571443,"w":0.364679753780365},"size":0.8597772121429443,"orthographic":false}