{"cameraMode":{"drawMode":0,"name":"Shaded","section":"Shading Mode"},"sceneLighting":false,"audioPlay":false,"sceneViewState":{"m_AlwaysRefresh":false,"showFog":true,"showSkybox":false,"showFlares":true,"showImageEffects":true,"showParticleSystems":true,"showVisualEffectGraphs":true,"m_FxEnabled":true},"in2DMode":false,"pivot":{"x":2.086162567138672e-7,"y":0.4270583987236023,"z":-0.02764296531677246},"rotation":{"x":0.05847746878862381,"y":0.9175741672515869,"z":-0.14713634550571443,"w":0.364679753780365},"size":0.8804203271865845,"orthographic":false}