{"cameraMode":{"drawMode":0,"name":"Shaded","section":"Shading Mode"},"sceneLighting":false,"audioPlay":false,"sceneViewState":{"m_AlwaysRefresh":false,"showFog":true,"showSkybox":false,"showFlares":true,"showImageEffects":true,"showParticleSystems":true,"showVisualEffectGraphs":true,"m_FxEnabled":true},"in2DMode":false,"pivot":{"x":-0.0001668781042098999,"y":0.4304203987121582,"z":-0.028107881546020509},"rotation":{"x":0.013014477677643299,"y":0.889253556728363,"z":-0.025350604206323625,"w":0.4565274119377136},"size":0.8742548227310181,"orthographic":false}